,ge,tc,tl,ln
0,0,1.0875000000000001,1.0875000000000001,2.0
1,1,1.0875000000000001,1.1,1.5
2,2,1.0875000000000001,1.1,0.5
