,ge,tc,tl,tf,ln
0,0,0.41250000000000003,0.7,0.8625,2.5
1,1,0.30000000000000004,0.675,0.925,2.0
2,2,0.35000000000000003,0.7375,0.925,1.5
