,ge,tc,tl,tf,ln
0,0,0.775,0.2875,0.475,1.5
1,1,0.825,0.30000000000000004,0.375,1.0
2,2,0.825,0.30000000000000004,0.375,1.0
